<?xml version="1.0" encoding="UTF-8"?>
<fmiModelDescription
  fmiVersion="2.0"
  modelName="Obstacle"
  guid="{8de5bd74-8d30-4a72-9170-0e4bf874b6a8}"
  description=""
  generationTool="OpenModelica Compiler OpenModelica v1.11.0 (32-bit)"
  generationDateAndTime="2017-03-10T10:46:03Z"
  variableNamingConvention="structured"
  numberOfEventIndicators="1">
  <CoSimulation
    modelIdentifier="Obstacle"
    needsExecutionTool="false"
    canHandleVariableCommunicationStepSize="true"
    canInterpolateInputs="false"
    maxOutputDerivativeOrder="1"
    canRunAsynchronuously = "false"
    canBeInstantiatedOnlyOncePerProcess="false"
    canNotUseMemoryManagementFunctions="false"
    canGetAndSetFMUstate="false"
    canSerializeFMUstate="false"
     />
  <LogCategories>
    <Category name="logEvents" />
    <Category name="logSingularLinearSystems" />
    <Category name="logNonlinearSystems" />
    <Category name="logDynamicStateSelection" />
    <Category name="logStatusWarning" />
    <Category name="logStatusDiscard" />
    <Category name="logStatusError" />
    <Category name="logStatusFatal" />
    <Category name="logStatusPending" />
    <Category name="logAll" />
    <Category name="logFmi2Call" />
  </LogCategories>
  <DefaultExperiment startTime="0.0" stopTime="1.0" tolerance="1e-006"/>
  <ModelVariables>
  <!-- Index of variable = "1" -->
  <ScalarVariable
    name="F"
    valueReference="0"
    variability="continuous"
    causality="output"
    initial="calculated">
    <Real/>
  </ScalarVariable>
  <!-- Index of variable = "2" -->
  <ScalarVariable
    name="compression"
    valueReference="1"
    variability="continuous"
    causality="local"
    initial="calculated">
    <Real/>
  </ScalarVariable>
  <!-- Index of variable = "3" -->
  <ScalarVariable
    name="x"
    valueReference="2"
    variability="continuous"
    causality="input"
    >
    <Real start="0.0"/>
  </ScalarVariable>
  <!-- Index of variable = "4" -->
  <ScalarVariable
    name="c"
    valueReference="3"
    variability="fixed"
    causality="parameter"
    initial="exact">
    <Real start="10000000000.0"/>
  </ScalarVariable>
  <!-- Index of variable = "5" -->
  <ScalarVariable
    name="fixed_x"
    valueReference="4"
    variability="fixed"
    causality="parameter"
    initial="exact">
    <Real start="0.45"/>
  </ScalarVariable>
  </ModelVariables>
  <ModelStructure>
    <Outputs>
      <Unknown index="1" dependencies="3" dependenciesKind="dependent" />
    </Outputs>
  </ModelStructure>
</fmiModelDescription>