<?xml version="1.0" encoding="UTF-8"?>
<fmiModelDescription
  fmiVersion="2.0"
  modelName="Window"
  guid="{bead1740-5500-42db-88d5-eb3872b63305}"
  description=""
  generationTool="OpenModelica Compiler OpenModelica v1.11.0 (32-bit)"
  generationDateAndTime="2017-03-09T17:06:23Z"
  variableNamingConvention="structured"
  numberOfEventIndicators="0">
  <CoSimulation
    modelIdentifier="Window"
    needsExecutionTool="false"
    canHandleVariableCommunicationStepSize="true"
    canInterpolateInputs="false"
    maxOutputDerivativeOrder="1"
    canRunAsynchronuously = "false"
    canBeInstantiatedOnlyOncePerProcess="false"
    canNotUseMemoryManagementFunctions="false"
    canGetAndSetFMUstate="false"
    canSerializeFMUstate="false"
     />
  <LogCategories>
    <Category name="logEvents" />
    <Category name="logSingularLinearSystems" />
    <Category name="logNonlinearSystems" />
    <Category name="logDynamicStateSelection" />
    <Category name="logStatusWarning" />
    <Category name="logStatusDiscard" />
    <Category name="logStatusError" />
    <Category name="logStatusFatal" />
    <Category name="logStatusPending" />
    <Category name="logAll" />
    <Category name="logFmi2Call" />
  </LogCategories>
  <DefaultExperiment startTime="0.0" stopTime="1.0" tolerance="1e-006"/>
  <ModelVariables>
  <!-- Index of variable = "1" -->
  <ScalarVariable
    name="friction"
    valueReference="0"
    variability="continuous"
    causality="output"
    initial="calculated">
    <Real/>
  </ScalarVariable>
  <!-- Index of variable = "2" -->
  <ScalarVariable
    name="obj_F"
    valueReference="1"
    variability="continuous"
    causality="input"
    >
    <Real start="0.0"/>
  </ScalarVariable>
  <!-- Index of variable = "3" -->
  <ScalarVariable
    name="omega_input"
    valueReference="2"
    variability="continuous"
    causality="input"
    >
    <Real start="0.0"/>
  </ScalarVariable>
  <!-- Index of variable = "4" -->
  <ScalarVariable
    name="tau"
    valueReference="3"
    variability="continuous"
    causality="output"
    initial="calculated">
    <Real/>
  </ScalarVariable>
  <!-- Index of variable = "5" -->
  <ScalarVariable
    name="theta_input"
    valueReference="4"
    variability="continuous"
    causality="input"
    >
    <Real start="0.0"/>
  </ScalarVariable>
  <!-- Index of variable = "6" -->
  <ScalarVariable
    name="v"
    valueReference="5"
    variability="continuous"
    causality="output"
    initial="calculated">
    <Real/>
  </ScalarVariable>
  <!-- Index of variable = "7" -->
  <ScalarVariable
    name="x"
    valueReference="6"
    variability="continuous"
    causality="output"
    initial="calculated">
    <Real/>
  </ScalarVariable>
  <!-- Index of variable = "8" -->
  <ScalarVariable
    name="b"
    valueReference="7"
    variability="fixed"
    causality="parameter"
    initial="exact">
    <Real start="10.0"/>
  </ScalarVariable>
  <!-- Index of variable = "9" -->
  <ScalarVariable
    name="r"
    valueReference="8"
    variability="fixed"
    causality="parameter"
    initial="exact">
    <Real start="0.11"/>
  </ScalarVariable>
  </ModelVariables>
  <ModelStructure>
    <Outputs>
      <Unknown index="1" dependencies="3" dependenciesKind="dependent" />
      <Unknown index="4" dependencies="2 3" dependenciesKind="dependent dependent" />
      <Unknown index="6" dependencies="3" dependenciesKind="dependent" />
      <Unknown index="7" dependencies="5" dependenciesKind="dependent" />
    </Outputs>
  </ModelStructure>
</fmiModelDescription>