<?xml version="1.0" encoding="UTF-8"?>
<fmiModelDescription
  fmiVersion="2.0"
  modelName="PowerSystem"
  guid="{c6327117-e5f2-4e48-abcd-318439d1e7c4}"
  description=""
  generationTool="OpenModelica Compiler OpenModelica v1.11.0 (32-bit)"
  generationDateAndTime="2017-03-08T15:53:18Z"
  variableNamingConvention="structured"
  numberOfEventIndicators="2">
  <CoSimulation
    modelIdentifier="PowerSystem"
    needsExecutionTool="false"
    canHandleVariableCommunicationStepSize="true"
    canInterpolateInputs="false"
    maxOutputDerivativeOrder="1"
    canRunAsynchronuously = "false"
    canBeInstantiatedOnlyOncePerProcess="false"
    canNotUseMemoryManagementFunctions="false"
    canGetAndSetFMUstate="false"
    canSerializeFMUstate="false"
     />
  <LogCategories>
    <Category name="logEvents" />
    <Category name="logSingularLinearSystems" />
    <Category name="logNonlinearSystems" />
    <Category name="logDynamicStateSelection" />
    <Category name="logStatusWarning" />
    <Category name="logStatusDiscard" />
    <Category name="logStatusError" />
    <Category name="logStatusFatal" />
    <Category name="logStatusPending" />
    <Category name="logAll" />
    <Category name="logFmi2Call" />
  </LogCategories>
  <DefaultExperiment startTime="0.0" stopTime="1.0" tolerance="1e-006"/>
  <ModelVariables>
  <!-- Index of variable = "1" -->
  <ScalarVariable
    name="i"
    valueReference="0"
    variability="continuous"
    causality="output"
    initial="calculated">
    <Real/>
  </ScalarVariable>
  <!-- Index of variable = "2" -->
  <ScalarVariable
    name="omega"
    valueReference="1"
    variability="continuous"
    causality="output"
    initial="calculated">
    <Real/>
  </ScalarVariable>
  <!-- Index of variable = "3" -->
  <ScalarVariable
    name="theta"
    valueReference="2"
    variability="continuous"
    causality="output"
    initial="calculated">
    <Real/>
  </ScalarVariable>
  <!-- Index of variable = "4" -->
  <ScalarVariable
    name="der(i)"
    valueReference="3"
    variability="continuous"
    causality="local"
    initial="calculated">
    <Real derivative="1"/>
  </ScalarVariable>
  <!-- Index of variable = "5" -->
  <ScalarVariable
    name="der(omega)"
    valueReference="4"
    variability="continuous"
    causality="local"
    initial="calculated">
    <Real derivative="2"/>
  </ScalarVariable>
  <!-- Index of variable = "6" -->
  <ScalarVariable
    name="der(theta)"
    valueReference="5"
    variability="continuous"
    causality="local"
    initial="calculated">
    <Real derivative="3"/>
  </ScalarVariable>
  <!-- Index of variable = "7" -->
  <ScalarVariable
    name="V"
    valueReference="6"
    variability="continuous"
    causality="local"
    initial="calculated">
    <Real/>
  </ScalarVariable>
  <!-- Index of variable = "8" -->
  <ScalarVariable
    name="d"
    valueReference="7"
    variability="continuous"
    causality="input"
    >
    <Real start="0.0"/>
  </ScalarVariable>
  <!-- Index of variable = "9" -->
  <ScalarVariable
    name="tau"
    valueReference="8"
    variability="continuous"
    causality="input"
    >
    <Real start="0.0"/>
  </ScalarVariable>
  <!-- Index of variable = "10" -->
  <ScalarVariable
    name="u"
    valueReference="9"
    variability="continuous"
    causality="input"
    >
    <Real start="0.0"/>
  </ScalarVariable>
  <!-- Index of variable = "11" -->
  <ScalarVariable
    name="J"
    valueReference="10"
    variability="fixed"
    causality="parameter"
    initial="exact">
    <Real start="0.08500000000000001"/>
  </ScalarVariable>
  <!-- Index of variable = "12" -->
  <ScalarVariable
    name="K"
    valueReference="11"
    variability="fixed"
    causality="parameter"
    initial="exact">
    <Real start="7.45"/>
  </ScalarVariable>
  <!-- Index of variable = "13" -->
  <ScalarVariable
    name="L"
    valueReference="12"
    variability="fixed"
    causality="parameter"
    initial="exact">
    <Real start="0.036"/>
  </ScalarVariable>
  <!-- Index of variable = "14" -->
  <ScalarVariable
    name="R"
    valueReference="13"
    variability="fixed"
    causality="parameter"
    initial="exact">
    <Real start="0.15"/>
  </ScalarVariable>
  <!-- Index of variable = "15" -->
  <ScalarVariable
    name="V_abs"
    valueReference="14"
    variability="fixed"
    causality="parameter"
    initial="exact">
    <Real start="12.0"/>
  </ScalarVariable>
  <!-- Index of variable = "16" -->
  <ScalarVariable
    name="b"
    valueReference="15"
    variability="fixed"
    causality="parameter"
    initial="exact">
    <Real start="5.0"/>
  </ScalarVariable>
  </ModelVariables>
  <ModelStructure>
    <Outputs>
      <Unknown index="1" dependencies="1 2 8 10" dependenciesKind="dependent dependent dependent dependent" />
      <Unknown index="2" dependencies="1 2 9" dependenciesKind="dependent dependent dependent" />
      <Unknown index="3" dependencies="2" dependenciesKind="dependent" />
    </Outputs>
    <Derivatives>
      <Unknown index="4" dependencies="1 2 8 10" dependenciesKind="dependent dependent dependent dependent" />
      <Unknown index="5" dependencies="1 2 9" dependenciesKind="dependent dependent dependent" />
      <Unknown index="6" dependencies="2" dependenciesKind="dependent" />
    </Derivatives>
  </ModelStructure>
</fmiModelDescription>